<?xml version="1.0"?>
<doc>
    <assembly>
        <name>Skybrud.Umbraco.Feedback</name>
    </assembly>
    <members>
        <member name="T:Skybrud.Umbraco.Feedback.Exceptions.FeedbackHttpException">
            <summary>
            Class representing an exception thrown by an API in the feedback module.
            </summary>
        </member>
        <member name="P:Skybrud.Umbraco.Feedback.Exceptions.FeedbackHttpException.Code">
            <summary>
            Gets the HTTP status code.
            </summary>
        </member>
        <member name="M:Skybrud.Umbraco.Feedback.Exceptions.FeedbackHttpException.#ctor(System.String)">
            <summary>
            Initializes a new exception with the specified error <paramref name="message"/>.
            </summary>
            <param name="message">The error message of the exception.</param>
        </member>
        <member name="M:Skybrud.Umbraco.Feedback.Exceptions.FeedbackHttpException.#ctor(System.Net.HttpStatusCode,System.String)">
            <summary>
            Initializes a new exception with the specified error <paramref name="code"/> and <paramref name="message"/>.
            </summary>
            <param name="code">The error code of the exception.</param>
            <param name="message">The error message of the exception.</param>
        </member>
        <member name="T:Skybrud.Umbraco.Feedback.Exceptions.FeedbackException">
            <summary>
            Class representing an exception thrown by the feedback module.
            </summary>
        </member>
        <member name="P:Skybrud.Umbraco.Feedback.Exceptions.FeedbackException.Code">
            <summary>
            Gets the error code (typically a GUID) identifying the specific error.
            </summary>
        </member>
        <member name="M:Skybrud.Umbraco.Feedback.Exceptions.FeedbackException.#ctor(System.String)">
            <summary>
            Initializes a new exception with the specified error <code>code</code>.
            </summary>
            <param name="code">The error code of the exception.</param>
        </member>
        <member name="M:Skybrud.Umbraco.Feedback.Exceptions.FeedbackException.#ctor(System.String,System.String)">
            <summary>
            Initializes a new exception with the specified error <code>code</code> and <code>message</code>.
            </summary>
            <param name="code">The error code of the exception.</param>
            <param name="message">The error message of the exception.</param>
        </member>
        <member name="P:Skybrud.Umbraco.Feedback.FeedbackModule.Entries">
            <summary>
            Gets a reference to the entries endpoint.
            </summary>
        </member>
        <member name="M:Skybrud.Umbraco.Feedback.FeedbackModule.GetRatingsForSite(System.Int32)">
            <summary>
            Gets an array of all available ratings for the site with the specified <code>siteId</code>.
            </summary>
            <param name="siteId">The ID of the site.</param>
        </member>
        <member name="M:Skybrud.Umbraco.Feedback.FeedbackModule.GetStatusesForSite(System.Int32)">
            <summary>
            Gets an array of all available statuses for the site with the specified <code>siteId</code>.
            </summary>
            <param name="siteId">The ID of the site.</param>
        </member>
        <member name="M:Skybrud.Umbraco.Feedback.Interfaces.IFeedbackPlugin.GetRatingsForSite(Skybrud.Umbraco.Feedback.FeedbackModule,System.Int32)">
            <summary>
            Gets an array of all available ratings for the site with the specified <code>siteId</code>.
            </summary>
            <param name="module">A reference to the feedback module.</param>
            <param name="siteId">The ID of the site.</param>
        </member>
        <member name="M:Skybrud.Umbraco.Feedback.Interfaces.IFeedbackPlugin.GetStatusesForSite(Skybrud.Umbraco.Feedback.FeedbackModule,System.Int32)">
            <summary>
            Gets an array of all available statuses for the site with the specified <code>siteId</code>.
            </summary>
            <param name="module">A reference to the feedback module.</param>
            <param name="siteId">The ID of the site.</param>
        </member>
        <member name="T:Skybrud.Umbraco.Feedback.Models.FeedbackService">
            <summary>
            Service class for working with feedback entries.
            </summary>
        </member>
        <member name="P:Skybrud.Umbraco.Feedback.Models.FeedbackService.Database">
            <summary>
            Gets a reference to the current database.
            </summary>
        </member>
        <member name="P:Skybrud.Umbraco.Feedback.Models.FeedbackService.SqlSyntax">
            <summary>
            Gets a reference to the current <see cref="T:Umbraco.Core.Persistence.SqlSyntax.ISqlSyntaxProvider"/>.
            </summary>
        </member>
        <member name="P:Skybrud.Umbraco.Feedback.Models.FeedbackService.SchemaHelper">
            <summary>
            Gets a reference to the current <see cref="P:Skybrud.Umbraco.Feedback.Models.FeedbackService.SchemaHelper"/>.
            </summary>
        </member>
        <member name="M:Skybrud.Umbraco.Feedback.Models.FeedbackService.GetAll">
            <summary>
            Gets an unpaginated array of all feedback entries.
            </summary>
            <returns>An array of <see cref="T:Skybrud.Umbraco.Feedback.Model.Entries.FeedbackEntry"/>.</returns>
        </member>
        <member name="M:Skybrud.Umbraco.Feedback.Models.FeedbackService.GetAllForSite(System.Int32)">
            <summary>
            Gets an unpaginated array of all feedback entries for the site with the specified <paramref name="siteId"/>.
            </summary>
            <param name="siteId">The ID of the site.</param>
            <returns>An array of <see cref="T:Skybrud.Umbraco.Feedback.Model.Entries.FeedbackEntry"/>.</returns>
        </member>
        <member name="M:Skybrud.Umbraco.Feedback.Models.FeedbackService.GetEntryById(System.Int32)">
            <summary>
            Gets the entry with the specified <paramref name="entryId"/>.
            </summary>
            <param name="entryId">The ID of the entry.</param>
            <returns>An instance of <see cref="T:Skybrud.Umbraco.Feedback.Model.Entries.FeedbackEntry"/> or <c>null</c> if not found.</returns>
        </member>
        <member name="M:Skybrud.Umbraco.Feedback.Models.FeedbackService.Archive(Skybrud.Umbraco.Feedback.Model.Entries.FeedbackEntry)">
            <summary>
            Archives the specified <paramref name="entry"/>.
            </summary>
            <param name="entry">The entry to be archived.</param>
        </member>
        <member name="M:Skybrud.Umbraco.Feedback.Models.FeedbackService.SetStatus(Skybrud.Umbraco.Feedback.Model.Entries.FeedbackEntry,Skybrud.Umbraco.Feedback.Model.FeedbackStatus)">
            <summary>
            Updates the status of the specified <paramref name="entry"/>.
            </summary>
            <param name="entry">The entry to be updated.</param>
            <param name="status">The new status.</param>
        </member>
        <member name="M:Skybrud.Umbraco.Feedback.Models.FeedbackService.SetAssignedTo(Skybrud.Umbraco.Feedback.Model.Entries.FeedbackEntry,Skybrud.Umbraco.Feedback.Interfaces.IFeedbackUser)">
            <summary>
            Updates the assigned user of the specified <paramref name="entry"/>.
            </summary>
            <param name="entry">The entry to be updated.</param>
            <param name="user">The user who should be assigned. Use <c>null</c> if the item should be unassigned.</param>
        </member>
        <member name="M:Skybrud.Umbraco.Feedback.Models.FeedbackService.Delete(Skybrud.Umbraco.Feedback.Model.Entries.FeedbackEntry)">
            <summary>
            Deletes the specified <paramref name="entry"/>.
            </summary>
            <param name="entry">The entry to be delete.</param>
        </member>
        <member name="M:Skybrud.Umbraco.Feedback.Models.FeedbackService.DeleteAll(System.DateTime)">
            <summary>
            Deletes all entries before the specified <paramref name="date"/>.
            </summary>
            <param name="date">The date.</param>
            <returns>The amount of affected/deleted rows.</returns>
        </member>
        <member name="P:Skybrud.Umbraco.Feedback.Model.Entries.FeedbackEntriesRepository.Feedback">
            <summary>
            Gets a reference to the parent feedback module.
            </summary>
        </member>
        <member name="M:Skybrud.Umbraco.Feedback.Model.Entries.FeedbackEntriesRepository.GetEntryById(System.String)">
            <summary>
            Gets the entry with the specified <paramref name="uniqueId"/>, or <code>null</code> if not found.
            </summary>
            <param name="uniqueId">The unique ID of the entry.</param>
            <returns></returns>
        </member>
        <member name="T:Skybrud.Umbraco.Feedback.Model.Plugins.FeedbackPluginBase">
            <summary>
            Abstract implementation of the <see cref="T:Skybrud.Umbraco.Feedback.Interfaces.IFeedbackPlugin"/> interface.
            </summary>
        </member>
        <member name="M:Skybrud.Umbraco.Feedback.Model.Plugins.FeedbackPluginBase.GetRatingsForSite(Skybrud.Umbraco.Feedback.FeedbackModule,System.Int32)">
            <summary>
            Gets an array of all available ratings for the site with the specified <code>siteId</code>.
            </summary>
            <param name="module">A reference to the feedback module.</param>
            <param name="siteId">The ID of the site.</param>
        </member>
        <member name="M:Skybrud.Umbraco.Feedback.Model.Plugins.FeedbackPluginBase.GetStatusesForSite(Skybrud.Umbraco.Feedback.FeedbackModule,System.Int32)">
            <summary>
            Gets an array of all available statuses for the site with the specified <code>siteId</code>.
            </summary>
            <param name="module">A reference to the feedback module.</param>
            <param name="siteId">The ID of the site.</param>
        </member>
    </members>
</doc>
