<?xml version="1.0"?>
<doc>
    <assembly>
        <name>Skybrud.Umbraco.Feedback</name>
    </assembly>
    <members>
        <member name="T:Skybrud.Umbraco.Feedback.Exceptions.FeedbackHttpException">
            <summary>
            Class representing an exception thrown by an API in the feedback module.
            </summary>
        </member>
        <member name="P:Skybrud.Umbraco.Feedback.Exceptions.FeedbackHttpException.Code">
            <summary>
            Gets the HTTP status code.
            </summary>
        </member>
        <member name="M:Skybrud.Umbraco.Feedback.Exceptions.FeedbackHttpException.#ctor(System.String)">
            <summary>
            Initializes a new exception with the specified error <paramref name="message"/>.
            </summary>
            <param name="message">The error message of the exception.</param>
        </member>
        <member name="M:Skybrud.Umbraco.Feedback.Exceptions.FeedbackHttpException.#ctor(System.Net.HttpStatusCode,System.String)">
            <summary>
            Initializes a new exception with the specified error <paramref name="code"/> and <paramref name="message"/>.
            </summary>
            <param name="code">The error code of the exception.</param>
            <param name="message">The error message of the exception.</param>
        </member>
        <member name="T:Skybrud.Umbraco.Feedback.Exceptions.FeedbackException">
            <summary>
            Class representing an exception thrown by the feedback module.
            </summary>
        </member>
        <member name="P:Skybrud.Umbraco.Feedback.Exceptions.FeedbackException.Code">
            <summary>
            Gets the error code (typically a GUID) identifying the specific error.
            </summary>
        </member>
        <member name="M:Skybrud.Umbraco.Feedback.Exceptions.FeedbackException.#ctor(System.String)">
            <summary>
            Initializes a new exception with the specified error <code>code</code>.
            </summary>
            <param name="code">The error code of the exception.</param>
        </member>
        <member name="M:Skybrud.Umbraco.Feedback.Exceptions.FeedbackException.#ctor(System.String,System.String)">
            <summary>
            Initializes a new exception with the specified error <code>code</code> and <code>message</code>.
            </summary>
            <param name="code">The error code of the exception.</param>
            <param name="message">The error message of the exception.</param>
        </member>
        <member name="P:Skybrud.Umbraco.Feedback.FeedbackModule.Entries">
            <summary>
            Gets a reference to the entries endpoint.
            </summary>
        </member>
        <member name="M:Skybrud.Umbraco.Feedback.FeedbackModule.GetRatingsForSite(System.Int32)">
            <summary>
            Gets an array of all available ratings for the site with the specified <code>siteId</code>.
            </summary>
            <param name="siteId">The ID of the site.</param>
        </member>
        <member name="M:Skybrud.Umbraco.Feedback.FeedbackModule.GetStatusesForSite(System.Int32)">
            <summary>
            Gets an array of all available statuses for the site with the specified <code>siteId</code>.
            </summary>
            <param name="siteId">The ID of the site.</param>
        </member>
        <member name="M:Skybrud.Umbraco.Feedback.Interfaces.IFeedbackPlugin.GetRatingsForSite(Skybrud.Umbraco.Feedback.FeedbackModule,System.Int32)">
            <summary>
            Gets an array of all available ratings for the site with the specified <code>siteId</code>.
            </summary>
            <param name="module">A reference to the feedback module.</param>
            <param name="siteId">The ID of the site.</param>
        </member>
        <member name="M:Skybrud.Umbraco.Feedback.Interfaces.IFeedbackPlugin.GetStatusesForSite(Skybrud.Umbraco.Feedback.FeedbackModule,System.Int32)">
            <summary>
            Gets an array of all available statuses for the site with the specified <code>siteId</code>.
            </summary>
            <param name="module">A reference to the feedback module.</param>
            <param name="siteId">The ID of the site.</param>
        </member>
        <member name="T:Skybrud.Umbraco.Feedback.Models.FeedbackService">
            <summary>
            Service class for working with feedback entries.
            </summary>
        </member>
        <member name="P:Skybrud.Umbraco.Feedback.Models.FeedbackService.Database">
            <summary>
            Gets a reference to the current database.
            </summary>
        </member>
        <member name="P:Skybrud.Umbraco.Feedback.Models.FeedbackService.SqlSyntax">
            <summary>
            Gets a reference to the current <see cref="T:Umbraco.Core.Persistence.SqlSyntax.ISqlSyntaxProvider"/>.
            </summary>
        </member>
        <member name="P:Skybrud.Umbraco.Feedback.Models.FeedbackService.SchemaHelper">
            <summary>
            Gets a reference to the current <see cref="P:Skybrud.Umbraco.Feedback.Models.FeedbackService.SchemaHelper"/>.
            </summary>
        </member>
        <member name="M:Skybrud.Umbraco.Feedback.Models.FeedbackService.GetAll">
            <summary>
            Gets an unpaginated array of all feedback entries.
            </summary>
            <returns>An array of <see cref="T:Skybrud.Umbraco.Feedback.Model.Entries.FeedbackEntry"/>.</returns>
        </member>
        <member name="M:Skybrud.Umbraco.Feedback.Models.FeedbackService.GetAllForSite(System.Int32)">
            <summary>
            Gets an unpaginated array of all feedback entries for the site with the specified <paramref name="siteId"/>.
            </summary>
            <param name="siteId">The ID of the site.</param>
            <returns>An array of <see cref="T:Skybrud.Umbraco.Feedback.Model.Entries.FeedbackEntry"/>.</returns>
        </member>
        <member name="M:Skybrud.Umbraco.Feedback.Models.FeedbackService.GetEntryById(System.Int32)">
            <summary>
            Gets the entry with the specified <paramref name="entryId"/>.
            </summary>
            <param name="entryId">The ID of the entry.</param>
            <returns>An instance of <see cref="T:Skybrud.Umbraco.Feedback.Model.Entries.FeedbackEntry"/> or <c>null</c> if not found.</returns>
        </member>
        <member name="M:Skybrud.Umbraco.Feedback.Models.FeedbackService.Archive(Skybrud.Umbraco.Feedback.Model.Entries.FeedbackEntry)">
            <summary>
            Archives the specified <paramref name="entry"/>.
            </summary>
            <param name="entry">The entry to be archived.</param>
        </member>
        <member name="M:Skybrud.Umbraco.Feedback.Models.FeedbackService.SetStatus(Skybrud.Umbraco.Feedback.Model.Entries.FeedbackEntry,Skybrud.Umbraco.Feedback.Model.FeedbackStatus)">
            <summary>
            Updates the status of the specified <paramref name="entry"/>.
            </summary>
            <param name="entry">The entry to be updated.</param>
            <param name="status">The new status.</param>
        </member>
        <member name="M:Skybrud.Umbraco.Feedback.Models.FeedbackService.SetAssignedTo(Skybrud.Umbraco.Feedback.Model.Entries.FeedbackEntry,Skybrud.Umbraco.Feedback.Interfaces.IFeedbackUser)">
            <summary>
            Updates the assigned user of the specified <paramref name="entry"/>.
            </summary>
            <param name="entry">The entry to be updated.</param>
            <param name="user">The user who should be assigned. Use <c>null</c> if the item should be unassigned.</param>
        </member>
        <member name="M:Skybrud.Umbraco.Feedback.Models.FeedbackService.Delete(Skybrud.Umbraco.Feedback.Model.Entries.FeedbackEntry)">
            <summary>
            Deletes the specified <paramref name="entry"/>.
            </summary>
            <param name="entry">The entry to be delete.</param>
        </member>
        <member name="M:Skybrud.Umbraco.Feedback.Models.FeedbackService.DeleteAll(System.DateTime)">
            <summary>
            Deletes all entries before the specified <paramref name="date"/>.
            </summary>
            <param name="date">The date.</param>
            <returns>The amount of affected/deleted rows.</returns>
        </member>
        <member name="P:Skybrud.Umbraco.Feedback.Model.Entries.FeedbackEntriesRepository.Feedback">
            <summary>
            Gets a reference to the parent feedback module.
            </summary>
        </member>
        <member name="M:Skybrud.Umbraco.Feedback.Model.Entries.FeedbackEntriesRepository.GetEntryById(System.String)">
            <summary>
            Gets the entry with the specified <paramref name="uniqueId"/>, or <code>null</code> if not found.
            </summary>
            <param name="uniqueId">The unique ID of the entry.</param>
            <returns></returns>
        </member>
        <member name="T:Skybrud.Umbraco.Feedback.Model.Entries.FeedbackEntry">
            <summary>
            Class representing a feedback entry.
            </summary>
        </member>
        <member name="P:Skybrud.Umbraco.Feedback.Model.Entries.FeedbackEntry.Id">
            <summary>
            Gets or sets the numeric ID of the entry.
            </summary>
        </member>
        <member name="P:Skybrud.Umbraco.Feedback.Model.Entries.FeedbackEntry.UniqueId">
            <summary>
            Gets or sets the unique ID of the entry.
            </summary>
        </member>
        <member name="P:Skybrud.Umbraco.Feedback.Model.Entries.FeedbackEntry.SiteId">
            <summary>
            Gets or sets the ID of the site the issue was submitted for.
            </summary>
        </member>
        <member name="P:Skybrud.Umbraco.Feedback.Model.Entries.FeedbackEntry.Site">
            <summary>
            Gets or sets the site the issue was submitted for.
            </summary>
        </member>
        <member name="P:Skybrud.Umbraco.Feedback.Model.Entries.FeedbackEntry.PageId">
            <summary>
            Gets or sets the ID of the page the issue was submitted for.
            </summary>
        </member>
        <member name="P:Skybrud.Umbraco.Feedback.Model.Entries.FeedbackEntry.Page">
            <summary>
            Gets or sets the page the issue was submitted for.
            </summary>
        </member>
        <member name="P:Skybrud.Umbraco.Feedback.Model.Entries.FeedbackEntry.Name">
            <summary>
            Gets or sets the name the user who submitted the entry.
            </summary>
        </member>
        <member name="P:Skybrud.Umbraco.Feedback.Model.Entries.FeedbackEntry.Email">
            <summary>
            Gets or sets the email address the user who submitted the entry.
            </summary>
        </member>
        <member name="P:Skybrud.Umbraco.Feedback.Model.Entries.FeedbackEntry.Rating">
            <summary>
            Gets or sets the rating of the entry.
            </summary>
        </member>
        <member name="P:Skybrud.Umbraco.Feedback.Model.Entries.FeedbackEntry.Status">
            <summary>
            Gets or sets the status of the entry.
            </summary>
        </member>
        <member name="P:Skybrud.Umbraco.Feedback.Model.Entries.FeedbackEntry.Comment">
            <summary>
            Gets or sets the comment of the entry.
            </summary>
        </member>
        <member name="P:Skybrud.Umbraco.Feedback.Model.Entries.FeedbackEntry.Created">
            <summary>
            Gets or sets a timestamp for when the entry was created.
            </summary>
        </member>
        <member name="P:Skybrud.Umbraco.Feedback.Model.Entries.FeedbackEntry.Updated">
            <summary>
            Gets or sets a timestamp for when the entry was last updated.
            </summary>
        </member>
        <member name="P:Skybrud.Umbraco.Feedback.Model.Entries.FeedbackEntry.AssignedTo">
            <summary>
            Gets or sets the user to which the entry should be assigned.
            </summary>
        </member>
        <member name="P:Skybrud.Umbraco.Feedback.Model.Entries.FeedbackEntry.IsArchived">
            <summary>
            
            </summary>
        </member>
        <member name="P:Skybrud.Umbraco.Feedback.Model.Entries.FeedbackEntry.HasComment">
            <summary>
            Gets whether the user submitted a comment.
            </summary>
        </member>
        <member name="P:Skybrud.Umbraco.Feedback.Model.Entries.FeedbackEntry.HasName">
            <summary>
            Gets whether the user submitted their name.
            </summary>
        </member>
        <member name="P:Skybrud.Umbraco.Feedback.Model.Entries.FeedbackEntry.HasEmail">
            <summary>
            Gets whether the user submitted their email address.
            </summary>
        </member>
        <member name="P:Skybrud.Umbraco.Feedback.Model.Entries.FeedbackEntry.HasCommentOrNameOrEmail">
            <summary>
            Gets whether the user submitted either a comment, their name or their email address.
            </summary>
        </member>
        <member name="P:Skybrud.Umbraco.Feedback.Model.Entries.FeedbackEntry.IsRatingOnly">
            <summary>
            Gets whether the user only submitted their rating.
            </summary>
        </member>
        <member name="T:Skybrud.Umbraco.Feedback.Model.Plugins.FeedbackPluginBase">
            <summary>
            Abstract implementation of the <see cref="T:Skybrud.Umbraco.Feedback.Interfaces.IFeedbackPlugin"/> interface.
            </summary>
        </member>
        <member name="M:Skybrud.Umbraco.Feedback.Model.Plugins.FeedbackPluginBase.GetRatingsForSite(Skybrud.Umbraco.Feedback.FeedbackModule,System.Int32)">
            <summary>
            Gets an array of all available ratings for the site with the specified <code>siteId</code>.
            </summary>
            <param name="module">A reference to the feedback module.</param>
            <param name="siteId">The ID of the site.</param>
        </member>
        <member name="M:Skybrud.Umbraco.Feedback.Model.Plugins.FeedbackPluginBase.GetStatusesForSite(Skybrud.Umbraco.Feedback.FeedbackModule,System.Int32)">
            <summary>
            Gets an array of all available statuses for the site with the specified <code>siteId</code>.
            </summary>
            <param name="module">A reference to the feedback module.</param>
            <param name="siteId">The ID of the site.</param>
        </member>
    </members>
</doc>
