<?xml version="1.0"?>
<doc>
    <assembly>
        <name>Skybrud.Umbraco.Feedback</name>
    </assembly>
    <members>
        <member name="T:Skybrud.Umbraco.Feedback.Exceptions.FeedbackException">
            <summary>
            Class representing an exception thrown by the feedback module.
            </summary>
        </member>
        <member name="M:Skybrud.Umbraco.Feedback.Exceptions.FeedbackException.#ctor(System.String)">
            <summary>
            Initializes a new exception with the specified error <code>code</code>.
            </summary>
            <param name="code">The error code of the exception.</param>
        </member>
        <member name="M:Skybrud.Umbraco.Feedback.Exceptions.FeedbackException.#ctor(System.String,System.String)">
            <summary>
            Initializes a new exception with the specified error <code>code</code> and <code>message</code>.
            </summary>
            <param name="code">The error code of the exception.</param>
            <param name="message">The error message of the exception.</param>
        </member>
        <member name="P:Skybrud.Umbraco.Feedback.Exceptions.FeedbackException.Code">
            <summary>
            Gets the error code (typically a GUID) identifying the specific error.
            </summary>
        </member>
        <member name="M:Skybrud.Umbraco.Feedback.FeedbackModule.GetRatingsForSite(System.Int32)">
            <summary>
            Gets an array of all available ratings for the site with the specified <code>siteId</code>.
            </summary>
            <param name="siteId">The ID of the site.</param>
        </member>
        <member name="M:Skybrud.Umbraco.Feedback.FeedbackModule.GetStatusesForSite(System.Int32)">
            <summary>
            Gets an array of all available statuses for the site with the specified <code>siteId</code>.
            </summary>
            <param name="siteId">The ID of the site.</param>
        </member>
        <member name="P:Skybrud.Umbraco.Feedback.FeedbackModule.Entries">
            <summary>
            Gets a reference to the entries endpoint.
            </summary>
        </member>
        <member name="M:Skybrud.Umbraco.Feedback.Interfaces.IFeedbackPlugin.GetRatingsForSite(Skybrud.Umbraco.Feedback.FeedbackModule,System.Int32)">
            <summary>
            Gets an array of all available ratings for the site with the specified <code>siteId</code>.
            </summary>
            <param name="module">A reference to the feedback module.</param>
            <param name="siteId">The ID of the site.</param>
        </member>
        <member name="M:Skybrud.Umbraco.Feedback.Interfaces.IFeedbackPlugin.GetStatusesForSite(Skybrud.Umbraco.Feedback.FeedbackModule,System.Int32)">
            <summary>
            Gets an array of all available statuses for the site with the specified <code>siteId</code>.
            </summary>
            <param name="module">A reference to the feedback module.</param>
            <param name="siteId">The ID of the site.</param>
        </member>
        <member name="M:Skybrud.Umbraco.Feedback.Model.Entries.FeedbackEntriesRepository.GetEntryById(System.String)">
            <summary>
            Gets the entry with the specified <paramref name="uniqueId"/>, or <code>null</code> if not found.
            </summary>
            <param name="uniqueId">The unique ID of the entry.</param>
            <returns></returns>
        </member>
        <member name="P:Skybrud.Umbraco.Feedback.Model.Entries.FeedbackEntriesRepository.Feedback">
            <summary>
            Gets a reference to the parent feedback module.
            </summary>
        </member>
        <member name="T:Skybrud.Umbraco.Feedback.Model.Plugins.FeedbackPluginBase">
            <summary>
            Abstract implementation of the <see cref="T:Skybrud.Umbraco.Feedback.Interfaces.IFeedbackPlugin"/> interface.
            </summary>
        </member>
        <member name="M:Skybrud.Umbraco.Feedback.Model.Plugins.FeedbackPluginBase.GetRatingsForSite(Skybrud.Umbraco.Feedback.FeedbackModule,System.Int32)">
            <summary>
            Gets an array of all available ratings for the site with the specified <code>siteId</code>.
            </summary>
            <param name="module">A reference to the feedback module.</param>
            <param name="siteId">The ID of the site.</param>
        </member>
        <member name="M:Skybrud.Umbraco.Feedback.Model.Plugins.FeedbackPluginBase.GetStatusesForSite(Skybrud.Umbraco.Feedback.FeedbackModule,System.Int32)">
            <summary>
            Gets an array of all available statuses for the site with the specified <code>siteId</code>.
            </summary>
            <param name="module">A reference to the feedback module.</param>
            <param name="siteId">The ID of the site.</param>
        </member>
    </members>
</doc>
